{
  "yolov5": {
    "overall": {
      "mAP@0.5": 0.8378963164786567,
      "precision": 0.8102114260008997,
      "recall": 0.8808651712429485,
      "f1_score": 0.8434563009435059
    },
    "per_class": {
      "safety_vest": {
        "precision": 0.8742690058479532,
        "recall": 0.9033232628398792,
        "f1": 0.8885586924219911,
        "tp": 598.0,
        "fp": 86.0,
        "fn": 64.0
      },
      "no_safety_vest": {
        "precision": 0.7461538461538462,
        "recall": 0.8584070796460177,
        "f1": 0.7983539094650205,
        "tp": 194.0,
        "fp": 66.0,
        "fn": 32.0
      }
    }
  },
  "yolov8": {
    "overall": {
      "mAP@0.5": 0.8724498468708042,
      "precision": 0.7500930032908857,
      "recall": 0.8844277197016281,
      "f1_score": 0.8104357316766014
    },
    "per_class": {
      "safety_vest": {
        "precision": 0.8174273858921162,
        "recall": 0.8927492447129909,
        "f1": 0.8534296028880866,
        "tp": 591.0,
        "fp": 132.0,
        "fn": 71.0
      },
      "no_safety_vest": {
        "precision": 0.6827586206896552,
        "recall": 0.8761061946902655,
        "f1": 0.7674418604651163,
        "tp": 198.0,
        "fp": 92.0,
        "fn": 28.0
      }
    }
  }
}